CREATE DATABASE  IF NOT EXISTS `AquariumSystem_MaY` /*!40100 DEFAULT CHARACTER SET utf8mb4 COLLATE utf8mb4_0900_ai_ci */ /*!80016 DEFAULT ENCRYPTION='N' */;
USE `AquariumSystem_MaY`;
-- MySQL dump 10.13  Distrib 8.0.19, for macos10.15 (x86_64)
--
-- Host: 127.0.0.1    Database: AquariumSystem_MaY
-- ------------------------------------------------------
-- Server version	8.0.19

/*!40101 SET @OLD_CHARACTER_SET_CLIENT=@@CHARACTER_SET_CLIENT */;
/*!40101 SET @OLD_CHARACTER_SET_RESULTS=@@CHARACTER_SET_RESULTS */;
/*!40101 SET @OLD_COLLATION_CONNECTION=@@COLLATION_CONNECTION */;
/*!50503 SET NAMES utf8 */;
/*!40103 SET @OLD_TIME_ZONE=@@TIME_ZONE */;
/*!40103 SET TIME_ZONE='+00:00' */;
/*!40014 SET @OLD_UNIQUE_CHECKS=@@UNIQUE_CHECKS, UNIQUE_CHECKS=0 */;
/*!40014 SET @OLD_FOREIGN_KEY_CHECKS=@@FOREIGN_KEY_CHECKS, FOREIGN_KEY_CHECKS=0 */;
/*!40101 SET @OLD_SQL_MODE=@@SQL_MODE, SQL_MODE='NO_AUTO_VALUE_ON_ZERO' */;
/*!40111 SET @OLD_SQL_NOTES=@@SQL_NOTES, SQL_NOTES=0 */;

--
-- Table structure for table `Animal`
--

DROP TABLE IF EXISTS `Animal`;
/*!40101 SET @saved_cs_client     = @@character_set_client */;
/*!50503 SET character_set_client = utf8mb4 */;
CREATE TABLE `Animal` (
  `animal_id` int NOT NULL,
  `scientific_name` varchar(100) NOT NULL,
  `common_name` varchar(100) DEFAULT NULL,
  `tank_id` int DEFAULT NULL,
  `age` int DEFAULT '0',
  `diet` varchar(100) DEFAULT NULL,
  PRIMARY KEY (`animal_id`,`scientific_name`),
  KEY `tank_id` (`tank_id`),
  CONSTRAINT `animal_ibfk_1` FOREIGN KEY (`tank_id`) REFERENCES `Tank` (`tank_id`) ON DELETE SET NULL ON UPDATE CASCADE,
  CONSTRAINT `animal_chk_1` CHECK ((`age` >= 0))
) ENGINE=InnoDB DEFAULT CHARSET=utf8mb4 COLLATE=utf8mb4_0900_ai_ci;
/*!40101 SET character_set_client = @saved_cs_client */;

--
-- Dumping data for table `Animal`
--

LOCK TABLES `Animal` WRITE;
/*!40000 ALTER TABLE `Animal` DISABLE KEYS */;
INSERT INTO `Animal` VALUES (1,'Bathynomus giganteus','Giant Isopod',4,6,'Carnivore'),(2,'Amphiprioninae','Clownfish',8,2,'Omnivore'),(3,'Carcharodon carcharias','Great White Shark',2,8,'Carnivore'),(4,'Balaenoptera musculus','Blue Whale',2,15,'Carnivore'),(5,'Delphinidae','Dolphin',3,6,'Carnivore'),(6,'Chelonia mydas','Green Sea Turtle',5,20,'Herbivore'),(7,'Aptenodytes forsteri','Emperor Penguin',7,10,'Carnivore'),(8,'Manta birostris','Manta Ray',2,12,'Planktivore'),(9,'Carcharhinus leucas','Bull Shark',2,7,'Carnivore'),(10,'Hippocampus comes','Tiger Tail Seahorse',4,3,'Carnivore'),(11,'Aurelia aurita','Jellyfish',6,4,'Carnivore'),(12,'Enhydra lutris','Sea Otter',7,5,'Carnivore'),(13,'Eunectes murinus','Green Anaconda',1,12,'Carnivore'),(14,'Sphyrna mokarran','Hammerhead Shark',2,10,'Carnivore'),(15,'Eretmochelys imbricata','Hawksbill Sea Turtle',3,8,'Omnivore');
/*!40000 ALTER TABLE `Animal` ENABLE KEYS */;
UNLOCK TABLES;
/*!50003 SET @saved_cs_client      = @@character_set_client */ ;
/*!50003 SET @saved_cs_results     = @@character_set_results */ ;
/*!50003 SET @saved_col_connection = @@collation_connection */ ;
/*!50003 SET character_set_client  = utf8mb4 */ ;
/*!50003 SET character_set_results = utf8mb4 */ ;
/*!50003 SET collation_connection  = utf8mb4_0900_ai_ci */ ;
/*!50003 SET @saved_sql_mode       = @@sql_mode */ ;
/*!50003 SET sql_mode              = 'ONLY_FULL_GROUP_BY,STRICT_TRANS_TABLES,NO_ZERO_IN_DATE,NO_ZERO_DATE,ERROR_FOR_DIVISION_BY_ZERO,NO_ENGINE_SUBSTITUTION' */ ;
DELIMITER ;;
/*!50003 CREATE*/ /*!50017 DEFINER=`root`@`localhost`*/ /*!50003 TRIGGER `UpdateAnimalAge` AFTER INSERT ON `animal` FOR EACH ROW BEGIN
	IF NEW.age = 0 THEN
		SIGNAL SQLSTATE '45000'
        SET MESSAGE_TEXT = 'Age cannot be zero';
	END IF;
END */;;
DELIMITER ;
/*!50003 SET sql_mode              = @saved_sql_mode */ ;
/*!50003 SET character_set_client  = @saved_cs_client */ ;
/*!50003 SET character_set_results = @saved_cs_results */ ;
/*!50003 SET collation_connection  = @saved_col_connection */ ;

--
-- Table structure for table `AquariumEvent`
--

DROP TABLE IF EXISTS `AquariumEvent`;
/*!40101 SET @saved_cs_client     = @@character_set_client */;
/*!50503 SET character_set_client = utf8mb4 */;
CREATE TABLE `AquariumEvent` (
  `event_id` int NOT NULL,
  `event_name` varchar(100) NOT NULL,
  `event_date` date NOT NULL,
  `event_time` time NOT NULL,
  `event_location` varchar(100) NOT NULL,
  `event_description` text,
  `staff_id` int DEFAULT NULL,
  `animal_id` int DEFAULT NULL,
  `scientific_name` varchar(100) DEFAULT NULL,
  PRIMARY KEY (`event_id`),
  KEY `staff_id` (`staff_id`),
  KEY `animal_id` (`animal_id`,`scientific_name`),
  CONSTRAINT `aquariumevent_ibfk_1` FOREIGN KEY (`staff_id`) REFERENCES `Staff` (`staff_id`) ON DELETE SET NULL ON UPDATE CASCADE,
  CONSTRAINT `aquariumevent_ibfk_2` FOREIGN KEY (`animal_id`, `scientific_name`) REFERENCES `Animal` (`animal_id`, `scientific_name`) ON DELETE CASCADE ON UPDATE CASCADE
) ENGINE=InnoDB DEFAULT CHARSET=utf8mb4 COLLATE=utf8mb4_0900_ai_ci;
/*!40101 SET character_set_client = @saved_cs_client */;

--
-- Dumping data for table `AquariumEvent`
--

LOCK TABLES `AquariumEvent` WRITE;
/*!40000 ALTER TABLE `AquariumEvent` DISABLE KEYS */;
INSERT INTO `AquariumEvent` VALUES (1,'Dophin feeding show','2024-12-02','15:00:00','South Wing','Public feeding event for dolphins',2,5,'Delphinidae'),(2,'Sea Otter training session','2024-12-01','10:00:00','East Wing','Public feeding event for sea otters',10,12,'Enhydra lutris'),(3,'Jellyfish touching session','2024-12-04','14:00:00','Kids Zone','Jellyfish touching session for kids',7,11,'Aurelia aurita');
/*!40000 ALTER TABLE `AquariumEvent` ENABLE KEYS */;
UNLOCK TABLES;

--
-- Table structure for table `CareTask`
--

DROP TABLE IF EXISTS `CareTask`;
/*!40101 SET @saved_cs_client     = @@character_set_client */;
/*!50503 SET character_set_client = utf8mb4 */;
CREATE TABLE `CareTask` (
  `task_id` int NOT NULL,
  `task_description` text NOT NULL,
  `frequency` varchar(50) NOT NULL,
  `special_requirement` text,
  PRIMARY KEY (`task_id`)
) ENGINE=InnoDB DEFAULT CHARSET=utf8mb4 COLLATE=utf8mb4_0900_ai_ci;
/*!40101 SET character_set_client = @saved_cs_client */;

--
-- Dumping data for table `CareTask`
--

LOCK TABLES `CareTask` WRITE;
/*!40000 ALTER TABLE `CareTask` DISABLE KEYS */;
INSERT INTO `CareTask` VALUES (1,'Clean the tank','Weekly','Use eco-friendly materials'),(2,'Feed the animal','Daily','Follow dietary guidlines'),(3,'Check water quality','Weekly','Test pH, ammonia, and nitrate levels'),(4,'Monitor animal health','Daily','Observe behavior and note any abnormalities'),(5,'Change water','Monthly','Ensure proper filtration and temperature adjustment');
/*!40000 ALTER TABLE `CareTask` ENABLE KEYS */;
UNLOCK TABLES;

--
-- Table structure for table `Schedule`
--

DROP TABLE IF EXISTS `Schedule`;
/*!40101 SET @saved_cs_client     = @@character_set_client */;
/*!50503 SET character_set_client = utf8mb4 */;
CREATE TABLE `Schedule` (
  `schedule_id` int NOT NULL,
  `task_id` int NOT NULL,
  `staff_id` int DEFAULT NULL,
  `animal_id` int NOT NULL,
  `scientific_name` varchar(100) NOT NULL,
  `scheduled_date` date NOT NULL,
  `scheduled_time` time NOT NULL,
  PRIMARY KEY (`schedule_id`),
  KEY `task_id` (`task_id`),
  KEY `staff_id` (`staff_id`),
  KEY `animal_id` (`animal_id`,`scientific_name`),
  CONSTRAINT `schedule_ibfk_1` FOREIGN KEY (`task_id`) REFERENCES `CareTask` (`task_id`) ON DELETE CASCADE ON UPDATE CASCADE,
  CONSTRAINT `schedule_ibfk_2` FOREIGN KEY (`staff_id`) REFERENCES `Staff` (`staff_id`) ON DELETE CASCADE ON UPDATE CASCADE,
  CONSTRAINT `schedule_ibfk_3` FOREIGN KEY (`animal_id`, `scientific_name`) REFERENCES `Animal` (`animal_id`, `scientific_name`) ON DELETE CASCADE ON UPDATE CASCADE
) ENGINE=InnoDB DEFAULT CHARSET=utf8mb4 COLLATE=utf8mb4_0900_ai_ci;
/*!40101 SET character_set_client = @saved_cs_client */;

--
-- Dumping data for table `Schedule`
--

LOCK TABLES `Schedule` WRITE;
/*!40000 ALTER TABLE `Schedule` DISABLE KEYS */;
INSERT INTO `Schedule` VALUES (1,2,1,1,'Bathynomus giganteus','2024-12-01','09:00:00'),(2,1,1,2,'Amphiprioninae','2024-12-02','08:30:00'),(3,3,2,3,'Carcharodon carcharias','2024-12-03','10:00:00'),(4,4,3,4,'Balaenoptera musculus','2024-12-04','14:00:00'),(5,5,1,5,'Delphinidae','2024-12-05','11:30:00');
/*!40000 ALTER TABLE `Schedule` ENABLE KEYS */;
UNLOCK TABLES;

--
-- Table structure for table `Staff`
--

DROP TABLE IF EXISTS `Staff`;
/*!40101 SET @saved_cs_client     = @@character_set_client */;
/*!50503 SET character_set_client = utf8mb4 */;
CREATE TABLE `Staff` (
  `staff_id` int NOT NULL,
  `staff_name` varchar(100) NOT NULL,
  `staff_role` varchar(50) NOT NULL,
  `contact_info` varchar(100) NOT NULL,
  PRIMARY KEY (`staff_id`),
  UNIQUE KEY `contact_info` (`contact_info`)
) ENGINE=InnoDB DEFAULT CHARSET=utf8mb4 COLLATE=utf8mb4_0900_ai_ci;
/*!40101 SET character_set_client = @saved_cs_client */;

--
-- Dumping data for table `Staff`
--

LOCK TABLES `Staff` WRITE;
/*!40000 ALTER TABLE `Staff` DISABLE KEYS */;
INSERT INTO `Staff` VALUES (1,'John Doe','CareTaker','john_doe@example.com'),(2,'Amy Smith','Trainer','amy_smith@example.com'),(3,'April Johnson','Event Coordinator','april_johnson@example.com'),(4,'Mark Lee','Veterinarian','mark_lee@example.com'),(5,'Sophie Brown','Aquarist','sophie_brown@example.com'),(6,'James Green','CareTaker','james_green@example.com'),(7,'Emma Davis','Trainer','emma_davis@example.com'),(8,'Ethan Taylor','Maintenance Manager','ethan_taylor@example.com'),(9,'Olivia Wilson','Nutritionist','olivia_wilson@example.com'),(10,'Liam Moore','Animal Behaviorist','liam_moore@example.com');
/*!40000 ALTER TABLE `Staff` ENABLE KEYS */;
UNLOCK TABLES;

--
-- Table structure for table `Tank`
--

DROP TABLE IF EXISTS `Tank`;
/*!40101 SET @saved_cs_client     = @@character_set_client */;
/*!50503 SET character_set_client = utf8mb4 */;
CREATE TABLE `Tank` (
  `tank_id` int NOT NULL,
  `location` varchar(100) NOT NULL,
  `water_type` varchar(50) NOT NULL,
  `temperature` float NOT NULL,
  `capacity` int NOT NULL,
  PRIMARY KEY (`tank_id`),
  CONSTRAINT `tank_chk_1` CHECK ((`temperature` between -(10) and 40)),
  CONSTRAINT `tank_chk_2` CHECK ((`capacity` > 0))
) ENGINE=InnoDB DEFAULT CHARSET=utf8mb4 COLLATE=utf8mb4_0900_ai_ci;
/*!40101 SET character_set_client = @saved_cs_client */;

--
-- Dumping data for table `Tank`
--

LOCK TABLES `Tank` WRITE;
/*!40000 ALTER TABLE `Tank` DISABLE KEYS */;
INSERT INTO `Tank` VALUES (1,'North Wing','Freshwater',24.5,200),(2,'South Wing','Saltwater',22,1000),(3,'East Wing','Saltwater',25,150),(4,'West Wing','Saltwater',0.5,800),(5,'Research Lab','Freshwater',24,300),(6,'Kids Zone','Saltwater',27,200),(7,'Outdoor Exhibit','Freshwater',28.5,1000),(8,'Show Tank','Saltwater',25.5,1200),(9,'Front Entrance','Freshwater',22.5,300);
/*!40000 ALTER TABLE `Tank` ENABLE KEYS */;
UNLOCK TABLES;

--
-- Dumping events for database 'AquariumSystem_MaY'
--

--
-- Dumping routines for database 'AquariumSystem_MaY'
--
/*!50003 DROP PROCEDURE IF EXISTS `CreateAnimal` */;
/*!50003 SET @saved_cs_client      = @@character_set_client */ ;
/*!50003 SET @saved_cs_results     = @@character_set_results */ ;
/*!50003 SET @saved_col_connection = @@collation_connection */ ;
/*!50003 SET character_set_client  = utf8mb4 */ ;
/*!50003 SET character_set_results = utf8mb4 */ ;
/*!50003 SET collation_connection  = utf8mb4_0900_ai_ci */ ;
/*!50003 SET @saved_sql_mode       = @@sql_mode */ ;
/*!50003 SET sql_mode              = 'ONLY_FULL_GROUP_BY,STRICT_TRANS_TABLES,NO_ZERO_IN_DATE,NO_ZERO_DATE,ERROR_FOR_DIVISION_BY_ZERO,NO_ENGINE_SUBSTITUTION' */ ;
DELIMITER ;;
CREATE DEFINER=`root`@`localhost` PROCEDURE `CreateAnimal`(
	IN animal_id INT,
    IN scientific_name VARCHAR(100),
    IN common_name VARCHAR(100),
    IN tank_id INT,
    IN age INT,
    IN diet VARCHAR(100)
)
BEGIN
    INSERT INTO Animal (animal_id, scientific_name, common_name, tank_id, age, diet)
    VALUES (animal_id, scientific_name, common_name, tank_id, age, diet);
END ;;
DELIMITER ;
/*!50003 SET sql_mode              = @saved_sql_mode */ ;
/*!50003 SET character_set_client  = @saved_cs_client */ ;
/*!50003 SET character_set_results = @saved_cs_results */ ;
/*!50003 SET collation_connection  = @saved_col_connection */ ;
/*!50003 DROP PROCEDURE IF EXISTS `CreateAquariumEvent` */;
/*!50003 SET @saved_cs_client      = @@character_set_client */ ;
/*!50003 SET @saved_cs_results     = @@character_set_results */ ;
/*!50003 SET @saved_col_connection = @@collation_connection */ ;
/*!50003 SET character_set_client  = utf8mb4 */ ;
/*!50003 SET character_set_results = utf8mb4 */ ;
/*!50003 SET collation_connection  = utf8mb4_0900_ai_ci */ ;
/*!50003 SET @saved_sql_mode       = @@sql_mode */ ;
/*!50003 SET sql_mode              = 'ONLY_FULL_GROUP_BY,STRICT_TRANS_TABLES,NO_ZERO_IN_DATE,NO_ZERO_DATE,ERROR_FOR_DIVISION_BY_ZERO,NO_ENGINE_SUBSTITUTION' */ ;
DELIMITER ;;
CREATE DEFINER=`root`@`localhost` PROCEDURE `CreateAquariumEvent`(
    IN event_id INT,
    IN event_name VARCHAR(100),
    IN event_date DATE,
    IN event_time TIME,
    IN event_location VARCHAR(100),
    IN event_description TEXT,
    IN staff_id INT,
    IN animal_id INT,
    IN scientific_name VARCHAR(100)
)
BEGIN
    INSERT INTO AquariumEvent (event_id, event_name, event_date, event_time, event_location, event_description, staff_id, animal_id, scientific_name)
    VALUES (event_id, event_name, event_date, event_time, event_location, event_description, staff_id, animal_id, scientific_name);
END ;;
DELIMITER ;
/*!50003 SET sql_mode              = @saved_sql_mode */ ;
/*!50003 SET character_set_client  = @saved_cs_client */ ;
/*!50003 SET character_set_results = @saved_cs_results */ ;
/*!50003 SET collation_connection  = @saved_col_connection */ ;
/*!50003 DROP PROCEDURE IF EXISTS `CreateCareTask` */;
/*!50003 SET @saved_cs_client      = @@character_set_client */ ;
/*!50003 SET @saved_cs_results     = @@character_set_results */ ;
/*!50003 SET @saved_col_connection = @@collation_connection */ ;
/*!50003 SET character_set_client  = utf8mb4 */ ;
/*!50003 SET character_set_results = utf8mb4 */ ;
/*!50003 SET collation_connection  = utf8mb4_0900_ai_ci */ ;
/*!50003 SET @saved_sql_mode       = @@sql_mode */ ;
/*!50003 SET sql_mode              = 'ONLY_FULL_GROUP_BY,STRICT_TRANS_TABLES,NO_ZERO_IN_DATE,NO_ZERO_DATE,ERROR_FOR_DIVISION_BY_ZERO,NO_ENGINE_SUBSTITUTION' */ ;
DELIMITER ;;
CREATE DEFINER=`root`@`localhost` PROCEDURE `CreateCareTask`(
    IN task_id INT,
    IN task_description TEXT,
    IN frequency VARCHAR(50),
    IN special_requirement TEXT
)
BEGIN
    INSERT INTO CareTask (task_id, task_description, frequency, special_requirement)
    VALUES (task_id, task_description, frequency, special_requirement);
END ;;
DELIMITER ;
/*!50003 SET sql_mode              = @saved_sql_mode */ ;
/*!50003 SET character_set_client  = @saved_cs_client */ ;
/*!50003 SET character_set_results = @saved_cs_results */ ;
/*!50003 SET collation_connection  = @saved_col_connection */ ;
/*!50003 DROP PROCEDURE IF EXISTS `CreateSchedule` */;
/*!50003 SET @saved_cs_client      = @@character_set_client */ ;
/*!50003 SET @saved_cs_results     = @@character_set_results */ ;
/*!50003 SET @saved_col_connection = @@collation_connection */ ;
/*!50003 SET character_set_client  = utf8mb4 */ ;
/*!50003 SET character_set_results = utf8mb4 */ ;
/*!50003 SET collation_connection  = utf8mb4_0900_ai_ci */ ;
/*!50003 SET @saved_sql_mode       = @@sql_mode */ ;
/*!50003 SET sql_mode              = 'ONLY_FULL_GROUP_BY,STRICT_TRANS_TABLES,NO_ZERO_IN_DATE,NO_ZERO_DATE,ERROR_FOR_DIVISION_BY_ZERO,NO_ENGINE_SUBSTITUTION' */ ;
DELIMITER ;;
CREATE DEFINER=`root`@`localhost` PROCEDURE `CreateSchedule`(
	IN schedule_id INT,
    IN task_id INT,
    IN staff_id INT,
    IN animal_id INT,
    IN scientific_name VARCHAR(100),
    IN scheduled_date DATE,
    IN scheduled_time TIME
)
BEGIN
    INSERT INTO `Schedule` (schedule_id, task_id, staff_id, animal_id, scientific_name, scheduled_date, scheduled_time)
    VALUES (schedule_id, task_id, staff_id, animal_id, scientific_name, scheduled_date, scheduled_time);
END ;;
DELIMITER ;
/*!50003 SET sql_mode              = @saved_sql_mode */ ;
/*!50003 SET character_set_client  = @saved_cs_client */ ;
/*!50003 SET character_set_results = @saved_cs_results */ ;
/*!50003 SET collation_connection  = @saved_col_connection */ ;
/*!50003 DROP PROCEDURE IF EXISTS `CreateStaff` */;
/*!50003 SET @saved_cs_client      = @@character_set_client */ ;
/*!50003 SET @saved_cs_results     = @@character_set_results */ ;
/*!50003 SET @saved_col_connection = @@collation_connection */ ;
/*!50003 SET character_set_client  = utf8mb4 */ ;
/*!50003 SET character_set_results = utf8mb4 */ ;
/*!50003 SET collation_connection  = utf8mb4_0900_ai_ci */ ;
/*!50003 SET @saved_sql_mode       = @@sql_mode */ ;
/*!50003 SET sql_mode              = 'ONLY_FULL_GROUP_BY,STRICT_TRANS_TABLES,NO_ZERO_IN_DATE,NO_ZERO_DATE,ERROR_FOR_DIVISION_BY_ZERO,NO_ENGINE_SUBSTITUTION' */ ;
DELIMITER ;;
CREATE DEFINER=`root`@`localhost` PROCEDURE `CreateStaff`(
    IN staff_id INT,
    IN staff_name VARCHAR(100),
    IN staff_role VARCHAR(50),
    IN contact_info VARCHAR(100)
)
BEGIN
	INSERT INTO Staff (staff_id, staff_name, staff_role, contact_info)
	VALUES (staff_id, staff_name, staff_role, contact_info);
END ;;
DELIMITER ;
/*!50003 SET sql_mode              = @saved_sql_mode */ ;
/*!50003 SET character_set_client  = @saved_cs_client */ ;
/*!50003 SET character_set_results = @saved_cs_results */ ;
/*!50003 SET collation_connection  = @saved_col_connection */ ;
/*!50003 DROP PROCEDURE IF EXISTS `CreateTank` */;
/*!50003 SET @saved_cs_client      = @@character_set_client */ ;
/*!50003 SET @saved_cs_results     = @@character_set_results */ ;
/*!50003 SET @saved_col_connection = @@collation_connection */ ;
/*!50003 SET character_set_client  = utf8mb4 */ ;
/*!50003 SET character_set_results = utf8mb4 */ ;
/*!50003 SET collation_connection  = utf8mb4_0900_ai_ci */ ;
/*!50003 SET @saved_sql_mode       = @@sql_mode */ ;
/*!50003 SET sql_mode              = 'ONLY_FULL_GROUP_BY,STRICT_TRANS_TABLES,NO_ZERO_IN_DATE,NO_ZERO_DATE,ERROR_FOR_DIVISION_BY_ZERO,NO_ENGINE_SUBSTITUTION' */ ;
DELIMITER ;;
CREATE DEFINER=`root`@`localhost` PROCEDURE `CreateTank`(
    IN tank_id INT,
    IN location VARCHAR(100),
    IN water_type VARCHAR(50),
    IN temperature FLOAT,
    IN capacity INT
)
BEGIN
    INSERT INTO Tank (tank_id, location, water_type, temperature, capacity)
    VALUES (tank_id, location, water_type, temperature, capacity);
END ;;
DELIMITER ;
/*!50003 SET sql_mode              = @saved_sql_mode */ ;
/*!50003 SET character_set_client  = @saved_cs_client */ ;
/*!50003 SET character_set_results = @saved_cs_results */ ;
/*!50003 SET collation_connection  = @saved_col_connection */ ;
/*!50003 DROP PROCEDURE IF EXISTS `DeleteAnimal` */;
/*!50003 SET @saved_cs_client      = @@character_set_client */ ;
/*!50003 SET @saved_cs_results     = @@character_set_results */ ;
/*!50003 SET @saved_col_connection = @@collation_connection */ ;
/*!50003 SET character_set_client  = utf8mb4 */ ;
/*!50003 SET character_set_results = utf8mb4 */ ;
/*!50003 SET collation_connection  = utf8mb4_0900_ai_ci */ ;
/*!50003 SET @saved_sql_mode       = @@sql_mode */ ;
/*!50003 SET sql_mode              = 'ONLY_FULL_GROUP_BY,STRICT_TRANS_TABLES,NO_ZERO_IN_DATE,NO_ZERO_DATE,ERROR_FOR_DIVISION_BY_ZERO,NO_ENGINE_SUBSTITUTION' */ ;
DELIMITER ;;
CREATE DEFINER=`root`@`localhost` PROCEDURE `DeleteAnimal`(
    IN in_animal_id INT
)
BEGIN
    DELETE FROM Animal WHERE animal_id = in_animal_id;
END ;;
DELIMITER ;
/*!50003 SET sql_mode              = @saved_sql_mode */ ;
/*!50003 SET character_set_client  = @saved_cs_client */ ;
/*!50003 SET character_set_results = @saved_cs_results */ ;
/*!50003 SET collation_connection  = @saved_col_connection */ ;
/*!50003 DROP PROCEDURE IF EXISTS `DeleteAquariumEvent` */;
/*!50003 SET @saved_cs_client      = @@character_set_client */ ;
/*!50003 SET @saved_cs_results     = @@character_set_results */ ;
/*!50003 SET @saved_col_connection = @@collation_connection */ ;
/*!50003 SET character_set_client  = utf8mb4 */ ;
/*!50003 SET character_set_results = utf8mb4 */ ;
/*!50003 SET collation_connection  = utf8mb4_0900_ai_ci */ ;
/*!50003 SET @saved_sql_mode       = @@sql_mode */ ;
/*!50003 SET sql_mode              = 'ONLY_FULL_GROUP_BY,STRICT_TRANS_TABLES,NO_ZERO_IN_DATE,NO_ZERO_DATE,ERROR_FOR_DIVISION_BY_ZERO,NO_ENGINE_SUBSTITUTION' */ ;
DELIMITER ;;
CREATE DEFINER=`root`@`localhost` PROCEDURE `DeleteAquariumEvent`(
    IN in_event_id INT
)
BEGIN
    DELETE FROM AquariumEvent WHERE event_id = in_event_id;
END ;;
DELIMITER ;
/*!50003 SET sql_mode              = @saved_sql_mode */ ;
/*!50003 SET character_set_client  = @saved_cs_client */ ;
/*!50003 SET character_set_results = @saved_cs_results */ ;
/*!50003 SET collation_connection  = @saved_col_connection */ ;
/*!50003 DROP PROCEDURE IF EXISTS `DeleteCareTask` */;
/*!50003 SET @saved_cs_client      = @@character_set_client */ ;
/*!50003 SET @saved_cs_results     = @@character_set_results */ ;
/*!50003 SET @saved_col_connection = @@collation_connection */ ;
/*!50003 SET character_set_client  = utf8mb4 */ ;
/*!50003 SET character_set_results = utf8mb4 */ ;
/*!50003 SET collation_connection  = utf8mb4_0900_ai_ci */ ;
/*!50003 SET @saved_sql_mode       = @@sql_mode */ ;
/*!50003 SET sql_mode              = 'ONLY_FULL_GROUP_BY,STRICT_TRANS_TABLES,NO_ZERO_IN_DATE,NO_ZERO_DATE,ERROR_FOR_DIVISION_BY_ZERO,NO_ENGINE_SUBSTITUTION' */ ;
DELIMITER ;;
CREATE DEFINER=`root`@`localhost` PROCEDURE `DeleteCareTask`(
    IN in_task_id INT
)
BEGIN
    DELETE FROM CareTask WHERE task_id = in_task_id;
END ;;
DELIMITER ;
/*!50003 SET sql_mode              = @saved_sql_mode */ ;
/*!50003 SET character_set_client  = @saved_cs_client */ ;
/*!50003 SET character_set_results = @saved_cs_results */ ;
/*!50003 SET collation_connection  = @saved_col_connection */ ;
/*!50003 DROP PROCEDURE IF EXISTS `DeleteSchedule` */;
/*!50003 SET @saved_cs_client      = @@character_set_client */ ;
/*!50003 SET @saved_cs_results     = @@character_set_results */ ;
/*!50003 SET @saved_col_connection = @@collation_connection */ ;
/*!50003 SET character_set_client  = utf8mb4 */ ;
/*!50003 SET character_set_results = utf8mb4 */ ;
/*!50003 SET collation_connection  = utf8mb4_0900_ai_ci */ ;
/*!50003 SET @saved_sql_mode       = @@sql_mode */ ;
/*!50003 SET sql_mode              = 'ONLY_FULL_GROUP_BY,STRICT_TRANS_TABLES,NO_ZERO_IN_DATE,NO_ZERO_DATE,ERROR_FOR_DIVISION_BY_ZERO,NO_ENGINE_SUBSTITUTION' */ ;
DELIMITER ;;
CREATE DEFINER=`root`@`localhost` PROCEDURE `DeleteSchedule`(
    IN in_schedule_id INT
)
BEGIN
    DELETE FROM Schedule WHERE schedule_id = in_schedule_id;
END ;;
DELIMITER ;
/*!50003 SET sql_mode              = @saved_sql_mode */ ;
/*!50003 SET character_set_client  = @saved_cs_client */ ;
/*!50003 SET character_set_results = @saved_cs_results */ ;
/*!50003 SET collation_connection  = @saved_col_connection */ ;
/*!50003 DROP PROCEDURE IF EXISTS `DeleteStaff` */;
/*!50003 SET @saved_cs_client      = @@character_set_client */ ;
/*!50003 SET @saved_cs_results     = @@character_set_results */ ;
/*!50003 SET @saved_col_connection = @@collation_connection */ ;
/*!50003 SET character_set_client  = utf8mb4 */ ;
/*!50003 SET character_set_results = utf8mb4 */ ;
/*!50003 SET collation_connection  = utf8mb4_0900_ai_ci */ ;
/*!50003 SET @saved_sql_mode       = @@sql_mode */ ;
/*!50003 SET sql_mode              = 'ONLY_FULL_GROUP_BY,STRICT_TRANS_TABLES,NO_ZERO_IN_DATE,NO_ZERO_DATE,ERROR_FOR_DIVISION_BY_ZERO,NO_ENGINE_SUBSTITUTION' */ ;
DELIMITER ;;
CREATE DEFINER=`root`@`localhost` PROCEDURE `DeleteStaff`(
    IN in_staff_id INT
)
BEGIN
    DELETE FROM Staff WHERE staff_id = in_staff_id;
END ;;
DELIMITER ;
/*!50003 SET sql_mode              = @saved_sql_mode */ ;
/*!50003 SET character_set_client  = @saved_cs_client */ ;
/*!50003 SET character_set_results = @saved_cs_results */ ;
/*!50003 SET collation_connection  = @saved_col_connection */ ;
/*!50003 DROP PROCEDURE IF EXISTS `DeleteTank` */;
/*!50003 SET @saved_cs_client      = @@character_set_client */ ;
/*!50003 SET @saved_cs_results     = @@character_set_results */ ;
/*!50003 SET @saved_col_connection = @@collation_connection */ ;
/*!50003 SET character_set_client  = utf8mb4 */ ;
/*!50003 SET character_set_results = utf8mb4 */ ;
/*!50003 SET collation_connection  = utf8mb4_0900_ai_ci */ ;
/*!50003 SET @saved_sql_mode       = @@sql_mode */ ;
/*!50003 SET sql_mode              = 'ONLY_FULL_GROUP_BY,STRICT_TRANS_TABLES,NO_ZERO_IN_DATE,NO_ZERO_DATE,ERROR_FOR_DIVISION_BY_ZERO,NO_ENGINE_SUBSTITUTION' */ ;
DELIMITER ;;
CREATE DEFINER=`root`@`localhost` PROCEDURE `DeleteTank`(
    IN in_tank_id INT
)
BEGIN
    DELETE FROM Tank WHERE tank_id = in_tank_id;
END ;;
DELIMITER ;
/*!50003 SET sql_mode              = @saved_sql_mode */ ;
/*!50003 SET character_set_client  = @saved_cs_client */ ;
/*!50003 SET character_set_results = @saved_cs_results */ ;
/*!50003 SET collation_connection  = @saved_col_connection */ ;
/*!50003 DROP PROCEDURE IF EXISTS `GetAnimal` */;
/*!50003 SET @saved_cs_client      = @@character_set_client */ ;
/*!50003 SET @saved_cs_results     = @@character_set_results */ ;
/*!50003 SET @saved_col_connection = @@collation_connection */ ;
/*!50003 SET character_set_client  = utf8mb4 */ ;
/*!50003 SET character_set_results = utf8mb4 */ ;
/*!50003 SET collation_connection  = utf8mb4_0900_ai_ci */ ;
/*!50003 SET @saved_sql_mode       = @@sql_mode */ ;
/*!50003 SET sql_mode              = 'ONLY_FULL_GROUP_BY,STRICT_TRANS_TABLES,NO_ZERO_IN_DATE,NO_ZERO_DATE,ERROR_FOR_DIVISION_BY_ZERO,NO_ENGINE_SUBSTITUTION' */ ;
DELIMITER ;;
CREATE DEFINER=`root`@`localhost` PROCEDURE `GetAnimal`()
BEGIN
    SELECT * FROM Animal;
END ;;
DELIMITER ;
/*!50003 SET sql_mode              = @saved_sql_mode */ ;
/*!50003 SET character_set_client  = @saved_cs_client */ ;
/*!50003 SET character_set_results = @saved_cs_results */ ;
/*!50003 SET collation_connection  = @saved_col_connection */ ;
/*!50003 DROP PROCEDURE IF EXISTS `GetAquariumEvent` */;
/*!50003 SET @saved_cs_client      = @@character_set_client */ ;
/*!50003 SET @saved_cs_results     = @@character_set_results */ ;
/*!50003 SET @saved_col_connection = @@collation_connection */ ;
/*!50003 SET character_set_client  = utf8mb4 */ ;
/*!50003 SET character_set_results = utf8mb4 */ ;
/*!50003 SET collation_connection  = utf8mb4_0900_ai_ci */ ;
/*!50003 SET @saved_sql_mode       = @@sql_mode */ ;
/*!50003 SET sql_mode              = 'ONLY_FULL_GROUP_BY,STRICT_TRANS_TABLES,NO_ZERO_IN_DATE,NO_ZERO_DATE,ERROR_FOR_DIVISION_BY_ZERO,NO_ENGINE_SUBSTITUTION' */ ;
DELIMITER ;;
CREATE DEFINER=`root`@`localhost` PROCEDURE `GetAquariumEvent`()
BEGIN
    SELECT * FROM AquariumEvent;
END ;;
DELIMITER ;
/*!50003 SET sql_mode              = @saved_sql_mode */ ;
/*!50003 SET character_set_client  = @saved_cs_client */ ;
/*!50003 SET character_set_results = @saved_cs_results */ ;
/*!50003 SET collation_connection  = @saved_col_connection */ ;
/*!50003 DROP PROCEDURE IF EXISTS `GetCareTask` */;
/*!50003 SET @saved_cs_client      = @@character_set_client */ ;
/*!50003 SET @saved_cs_results     = @@character_set_results */ ;
/*!50003 SET @saved_col_connection = @@collation_connection */ ;
/*!50003 SET character_set_client  = utf8mb4 */ ;
/*!50003 SET character_set_results = utf8mb4 */ ;
/*!50003 SET collation_connection  = utf8mb4_0900_ai_ci */ ;
/*!50003 SET @saved_sql_mode       = @@sql_mode */ ;
/*!50003 SET sql_mode              = 'ONLY_FULL_GROUP_BY,STRICT_TRANS_TABLES,NO_ZERO_IN_DATE,NO_ZERO_DATE,ERROR_FOR_DIVISION_BY_ZERO,NO_ENGINE_SUBSTITUTION' */ ;
DELIMITER ;;
CREATE DEFINER=`root`@`localhost` PROCEDURE `GetCareTask`()
BEGIN
    SELECT * FROM CareTask;
END ;;
DELIMITER ;
/*!50003 SET sql_mode              = @saved_sql_mode */ ;
/*!50003 SET character_set_client  = @saved_cs_client */ ;
/*!50003 SET character_set_results = @saved_cs_results */ ;
/*!50003 SET collation_connection  = @saved_col_connection */ ;
/*!50003 DROP PROCEDURE IF EXISTS `GetEventByStaff` */;
/*!50003 SET @saved_cs_client      = @@character_set_client */ ;
/*!50003 SET @saved_cs_results     = @@character_set_results */ ;
/*!50003 SET @saved_col_connection = @@collation_connection */ ;
/*!50003 SET character_set_client  = utf8mb4 */ ;
/*!50003 SET character_set_results = utf8mb4 */ ;
/*!50003 SET collation_connection  = utf8mb4_0900_ai_ci */ ;
/*!50003 SET @saved_sql_mode       = @@sql_mode */ ;
/*!50003 SET sql_mode              = 'ONLY_FULL_GROUP_BY,STRICT_TRANS_TABLES,NO_ZERO_IN_DATE,NO_ZERO_DATE,ERROR_FOR_DIVISION_BY_ZERO,NO_ENGINE_SUBSTITUTION' */ ;
DELIMITER ;;
CREATE DEFINER=`root`@`localhost` PROCEDURE `GetEventByStaff`(IN staffId INT)
BEGIN
	SELECT event_id, event_name, event_date, event_time, event_location, event_description
    FROM AquariumEvent
    WHERE staff_id = staffId;
END ;;
DELIMITER ;
/*!50003 SET sql_mode              = @saved_sql_mode */ ;
/*!50003 SET character_set_client  = @saved_cs_client */ ;
/*!50003 SET character_set_results = @saved_cs_results */ ;
/*!50003 SET collation_connection  = @saved_col_connection */ ;
/*!50003 DROP PROCEDURE IF EXISTS `GetSchedule` */;
/*!50003 SET @saved_cs_client      = @@character_set_client */ ;
/*!50003 SET @saved_cs_results     = @@character_set_results */ ;
/*!50003 SET @saved_col_connection = @@collation_connection */ ;
/*!50003 SET character_set_client  = utf8mb4 */ ;
/*!50003 SET character_set_results = utf8mb4 */ ;
/*!50003 SET collation_connection  = utf8mb4_0900_ai_ci */ ;
/*!50003 SET @saved_sql_mode       = @@sql_mode */ ;
/*!50003 SET sql_mode              = 'ONLY_FULL_GROUP_BY,STRICT_TRANS_TABLES,NO_ZERO_IN_DATE,NO_ZERO_DATE,ERROR_FOR_DIVISION_BY_ZERO,NO_ENGINE_SUBSTITUTION' */ ;
DELIMITER ;;
CREATE DEFINER=`root`@`localhost` PROCEDURE `GetSchedule`()
BEGIN
    SELECT * FROM `Schedule`;
END ;;
DELIMITER ;
/*!50003 SET sql_mode              = @saved_sql_mode */ ;
/*!50003 SET character_set_client  = @saved_cs_client */ ;
/*!50003 SET character_set_results = @saved_cs_results */ ;
/*!50003 SET collation_connection  = @saved_col_connection */ ;
/*!50003 DROP PROCEDURE IF EXISTS `GetStaff` */;
/*!50003 SET @saved_cs_client      = @@character_set_client */ ;
/*!50003 SET @saved_cs_results     = @@character_set_results */ ;
/*!50003 SET @saved_col_connection = @@collation_connection */ ;
/*!50003 SET character_set_client  = utf8mb4 */ ;
/*!50003 SET character_set_results = utf8mb4 */ ;
/*!50003 SET collation_connection  = utf8mb4_0900_ai_ci */ ;
/*!50003 SET @saved_sql_mode       = @@sql_mode */ ;
/*!50003 SET sql_mode              = 'ONLY_FULL_GROUP_BY,STRICT_TRANS_TABLES,NO_ZERO_IN_DATE,NO_ZERO_DATE,ERROR_FOR_DIVISION_BY_ZERO,NO_ENGINE_SUBSTITUTION' */ ;
DELIMITER ;;
CREATE DEFINER=`root`@`localhost` PROCEDURE `GetStaff`()
BEGIN
    SELECT * FROM Staff;
END ;;
DELIMITER ;
/*!50003 SET sql_mode              = @saved_sql_mode */ ;
/*!50003 SET character_set_client  = @saved_cs_client */ ;
/*!50003 SET character_set_results = @saved_cs_results */ ;
/*!50003 SET collation_connection  = @saved_col_connection */ ;
/*!50003 DROP PROCEDURE IF EXISTS `GetTank` */;
/*!50003 SET @saved_cs_client      = @@character_set_client */ ;
/*!50003 SET @saved_cs_results     = @@character_set_results */ ;
/*!50003 SET @saved_col_connection = @@collation_connection */ ;
/*!50003 SET character_set_client  = utf8mb4 */ ;
/*!50003 SET character_set_results = utf8mb4 */ ;
/*!50003 SET collation_connection  = utf8mb4_0900_ai_ci */ ;
/*!50003 SET @saved_sql_mode       = @@sql_mode */ ;
/*!50003 SET sql_mode              = 'ONLY_FULL_GROUP_BY,STRICT_TRANS_TABLES,NO_ZERO_IN_DATE,NO_ZERO_DATE,ERROR_FOR_DIVISION_BY_ZERO,NO_ENGINE_SUBSTITUTION' */ ;
DELIMITER ;;
CREATE DEFINER=`root`@`localhost` PROCEDURE `GetTank`()
BEGIN
    SELECT * FROM Tank;
END ;;
DELIMITER ;
/*!50003 SET sql_mode              = @saved_sql_mode */ ;
/*!50003 SET character_set_client  = @saved_cs_client */ ;
/*!50003 SET character_set_results = @saved_cs_results */ ;
/*!50003 SET collation_connection  = @saved_col_connection */ ;
/*!50003 DROP PROCEDURE IF EXISTS `UpdateAnimal` */;
/*!50003 SET @saved_cs_client      = @@character_set_client */ ;
/*!50003 SET @saved_cs_results     = @@character_set_results */ ;
/*!50003 SET @saved_col_connection = @@collation_connection */ ;
/*!50003 SET character_set_client  = utf8mb4 */ ;
/*!50003 SET character_set_results = utf8mb4 */ ;
/*!50003 SET collation_connection  = utf8mb4_0900_ai_ci */ ;
/*!50003 SET @saved_sql_mode       = @@sql_mode */ ;
/*!50003 SET sql_mode              = 'ONLY_FULL_GROUP_BY,STRICT_TRANS_TABLES,NO_ZERO_IN_DATE,NO_ZERO_DATE,ERROR_FOR_DIVISION_BY_ZERO,NO_ENGINE_SUBSTITUTION' */ ;
DELIMITER ;;
CREATE DEFINER=`root`@`localhost` PROCEDURE `UpdateAnimal`(
    IN in_animal_id INT,
    IN in_scientific_name VARCHAR(100),
    IN in_common_name VARCHAR(100),
    IN in_tank_id INT,
    IN in_age INT,
    IN in_diet VARCHAR(100)
)
BEGIN
    UPDATE Animal
    SET scientific_name = in_scientific_name, common_name = in_common_name, tank_id = in_tank_id, age = in_age, diet = in_diet
    WHERE animal_id = in_animal_id AND scientific_name = in_scientific_name;
END ;;
DELIMITER ;
/*!50003 SET sql_mode              = @saved_sql_mode */ ;
/*!50003 SET character_set_client  = @saved_cs_client */ ;
/*!50003 SET character_set_results = @saved_cs_results */ ;
/*!50003 SET collation_connection  = @saved_col_connection */ ;
/*!50003 DROP PROCEDURE IF EXISTS `UpdateAquariumEvent` */;
/*!50003 SET @saved_cs_client      = @@character_set_client */ ;
/*!50003 SET @saved_cs_results     = @@character_set_results */ ;
/*!50003 SET @saved_col_connection = @@collation_connection */ ;
/*!50003 SET character_set_client  = utf8mb4 */ ;
/*!50003 SET character_set_results = utf8mb4 */ ;
/*!50003 SET collation_connection  = utf8mb4_0900_ai_ci */ ;
/*!50003 SET @saved_sql_mode       = @@sql_mode */ ;
/*!50003 SET sql_mode              = 'ONLY_FULL_GROUP_BY,STRICT_TRANS_TABLES,NO_ZERO_IN_DATE,NO_ZERO_DATE,ERROR_FOR_DIVISION_BY_ZERO,NO_ENGINE_SUBSTITUTION' */ ;
DELIMITER ;;
CREATE DEFINER=`root`@`localhost` PROCEDURE `UpdateAquariumEvent`(
    IN in_event_id INT,
    IN in_event_name VARCHAR(100),
    IN in_event_date DATE,
    IN in_event_time TIME,
    IN in_event_location VARCHAR(100),
    IN in_event_description TEXT,
    IN in_staff_id INT,
    IN in_animal_id INT,
    IN in_scientific_name VARCHAR(100)
)
BEGIN
    UPDATE AquariumEvent
    SET event_name = in_event_name, event_date = in_event_date, event_time = in_event_time, event_location = in_event_location, 
        event_description = in_event_description, staff_id = in_staff_id, animal_id = in_animal_id, scientific_name = in_scientific_name
    WHERE event_id = in_event_id;
END ;;
DELIMITER ;
/*!50003 SET sql_mode              = @saved_sql_mode */ ;
/*!50003 SET character_set_client  = @saved_cs_client */ ;
/*!50003 SET character_set_results = @saved_cs_results */ ;
/*!50003 SET collation_connection  = @saved_col_connection */ ;
/*!50003 DROP PROCEDURE IF EXISTS `UpdateCareTask` */;
/*!50003 SET @saved_cs_client      = @@character_set_client */ ;
/*!50003 SET @saved_cs_results     = @@character_set_results */ ;
/*!50003 SET @saved_col_connection = @@collation_connection */ ;
/*!50003 SET character_set_client  = utf8mb4 */ ;
/*!50003 SET character_set_results = utf8mb4 */ ;
/*!50003 SET collation_connection  = utf8mb4_0900_ai_ci */ ;
/*!50003 SET @saved_sql_mode       = @@sql_mode */ ;
/*!50003 SET sql_mode              = 'ONLY_FULL_GROUP_BY,STRICT_TRANS_TABLES,NO_ZERO_IN_DATE,NO_ZERO_DATE,ERROR_FOR_DIVISION_BY_ZERO,NO_ENGINE_SUBSTITUTION' */ ;
DELIMITER ;;
CREATE DEFINER=`root`@`localhost` PROCEDURE `UpdateCareTask`(
    IN in_task_id INT,
    IN in_task_description TEXT,
    IN in_frequency VARCHAR(50),
    IN in_special_requirement TEXT
)
BEGIN
    UPDATE CareTask
    SET task_description = in_task_description, frequency = in_frequency, special_requirement = in_special_requirement
    WHERE task_id = in_task_id;
END ;;
DELIMITER ;
/*!50003 SET sql_mode              = @saved_sql_mode */ ;
/*!50003 SET character_set_client  = @saved_cs_client */ ;
/*!50003 SET character_set_results = @saved_cs_results */ ;
/*!50003 SET collation_connection  = @saved_col_connection */ ;
/*!50003 DROP PROCEDURE IF EXISTS `UpdateSchedule` */;
/*!50003 SET @saved_cs_client      = @@character_set_client */ ;
/*!50003 SET @saved_cs_results     = @@character_set_results */ ;
/*!50003 SET @saved_col_connection = @@collation_connection */ ;
/*!50003 SET character_set_client  = utf8mb4 */ ;
/*!50003 SET character_set_results = utf8mb4 */ ;
/*!50003 SET collation_connection  = utf8mb4_0900_ai_ci */ ;
/*!50003 SET @saved_sql_mode       = @@sql_mode */ ;
/*!50003 SET sql_mode              = 'ONLY_FULL_GROUP_BY,STRICT_TRANS_TABLES,NO_ZERO_IN_DATE,NO_ZERO_DATE,ERROR_FOR_DIVISION_BY_ZERO,NO_ENGINE_SUBSTITUTION' */ ;
DELIMITER ;;
CREATE DEFINER=`root`@`localhost` PROCEDURE `UpdateSchedule`(
    IN in_schedule_id INT,
    IN in_task_id INT,
    IN in_staff_id INT,
    IN in_animal_id INT,
    IN in_scientific_name VARCHAR(100),
    IN in_scheduled_date DATE,
    IN in_scheduled_time TIME
)
BEGIN
    UPDATE Schedule
    SET task_id = in_task_id, staff_id = in_staff_id, animal_id = in_animal_id, scientific_name = in_scientific_name, scheduled_date = in_scheduled_date, scheduled_time = in_scheduled_time
    WHERE schedule_id = in_schedule_id;
END ;;
DELIMITER ;
/*!50003 SET sql_mode              = @saved_sql_mode */ ;
/*!50003 SET character_set_client  = @saved_cs_client */ ;
/*!50003 SET character_set_results = @saved_cs_results */ ;
/*!50003 SET collation_connection  = @saved_col_connection */ ;
/*!50003 DROP PROCEDURE IF EXISTS `UpdateStaff` */;
/*!50003 SET @saved_cs_client      = @@character_set_client */ ;
/*!50003 SET @saved_cs_results     = @@character_set_results */ ;
/*!50003 SET @saved_col_connection = @@collation_connection */ ;
/*!50003 SET character_set_client  = utf8mb4 */ ;
/*!50003 SET character_set_results = utf8mb4 */ ;
/*!50003 SET collation_connection  = utf8mb4_0900_ai_ci */ ;
/*!50003 SET @saved_sql_mode       = @@sql_mode */ ;
/*!50003 SET sql_mode              = 'ONLY_FULL_GROUP_BY,STRICT_TRANS_TABLES,NO_ZERO_IN_DATE,NO_ZERO_DATE,ERROR_FOR_DIVISION_BY_ZERO,NO_ENGINE_SUBSTITUTION' */ ;
DELIMITER ;;
CREATE DEFINER=`root`@`localhost` PROCEDURE `UpdateStaff`(
    IN in_staff_id INT,
    IN in_staff_name VARCHAR(100),
    IN in_staff_role VARCHAR(50),
    IN in_contact_info VARCHAR(100)
)
BEGIN
    UPDATE Staff
    SET staff_name = in_staff_name, staff_role = in_staff_role, contact_info = in_contact_info
    WHERE staff_id = in_staff_id;
END ;;
DELIMITER ;
/*!50003 SET sql_mode              = @saved_sql_mode */ ;
/*!50003 SET character_set_client  = @saved_cs_client */ ;
/*!50003 SET character_set_results = @saved_cs_results */ ;
/*!50003 SET collation_connection  = @saved_col_connection */ ;
/*!50003 DROP PROCEDURE IF EXISTS `UpdateTank` */;
/*!50003 SET @saved_cs_client      = @@character_set_client */ ;
/*!50003 SET @saved_cs_results     = @@character_set_results */ ;
/*!50003 SET @saved_col_connection = @@collation_connection */ ;
/*!50003 SET character_set_client  = utf8mb4 */ ;
/*!50003 SET character_set_results = utf8mb4 */ ;
/*!50003 SET collation_connection  = utf8mb4_0900_ai_ci */ ;
/*!50003 SET @saved_sql_mode       = @@sql_mode */ ;
/*!50003 SET sql_mode              = 'ONLY_FULL_GROUP_BY,STRICT_TRANS_TABLES,NO_ZERO_IN_DATE,NO_ZERO_DATE,ERROR_FOR_DIVISION_BY_ZERO,NO_ENGINE_SUBSTITUTION' */ ;
DELIMITER ;;
CREATE DEFINER=`root`@`localhost` PROCEDURE `UpdateTank`(
    IN in_tank_id INT,
    IN in_location VARCHAR(100),
    IN in_water_type VARCHAR(50),
    IN in_temperature FLOAT,
    IN in_capacity INT
)
BEGIN
    UPDATE Tank
    SET location = in_location, water_type = in_water_type, temperature = in_temperature, capacity = in_capacity
    WHERE in_tank_id = tank_id;
END ;;
DELIMITER ;
/*!50003 SET sql_mode              = @saved_sql_mode */ ;
/*!50003 SET character_set_client  = @saved_cs_client */ ;
/*!50003 SET character_set_results = @saved_cs_results */ ;
/*!50003 SET collation_connection  = @saved_col_connection */ ;
/*!40103 SET TIME_ZONE=@OLD_TIME_ZONE */;

/*!40101 SET SQL_MODE=@OLD_SQL_MODE */;
/*!40014 SET FOREIGN_KEY_CHECKS=@OLD_FOREIGN_KEY_CHECKS */;
/*!40014 SET UNIQUE_CHECKS=@OLD_UNIQUE_CHECKS */;
/*!40101 SET CHARACTER_SET_CLIENT=@OLD_CHARACTER_SET_CLIENT */;
/*!40101 SET CHARACTER_SET_RESULTS=@OLD_CHARACTER_SET_RESULTS */;
/*!40101 SET COLLATION_CONNECTION=@OLD_COLLATION_CONNECTION */;
/*!40111 SET SQL_NOTES=@OLD_SQL_NOTES */;

-- Dump completed on 2024-12-05  1:22:59
